year,summer_yen,winter_yen,total_yen
1980,447985,482672,930657
1981,480752,515705,996457
1982,504711,533109,1037820
1983,512314,547257,1059571
1984,535123,575577,1110700
1985,565657,600594,1166251
1986,557980,609853,1167833
1987,571944,619374,1191318
1988,598222,664029,1262251
1989,645864,720540,1366404
1990,697946,765542,1463488
1991,736444,794011,1530455
1992,759721,796447,1556168
1993,751793,786656,1538449
1994,749982,796035,1546017
1995,750221,798848,1549069
1996,773481,819667,1593148
1997,798340,848575,1646915
1998,810685,833801,1644486
1999,768230,801235,1569465
2000,758804,799232,1558036
2001,783113,812934,1596047
2002,749803,755551,1505354
2003,781930,771540,1553470
2004,810052,811082,1621134
2005,839313,840516,1679829
