effective,grade_I_univ_yen,grade_II_univ_yen,grade_III_high_school_yen
1980-04,101600,97000,82000
1981-04,106900,101900,85900
1983-04,109100,104000,87700
1984-04,112800,107500,90700
1985-07,118800,113200,95500
1986-04,121600,115900,97800
1987-04,123600,117900,99500
1988-04,141000,121100,102200
1989-04,146600,126300,106600
1990-04,157300,143100,117300
1991-04,168000,153700,124900
1992-04,175300,161400,131900
1993-04,179200,164900,134900
1994-04,180500,167200,136500
1995-04,180500,169000,137900
1996-04,181400,171000,139300
1997-04,183200,173000,140700
1998-04,184200,174200,141700
1999-04,184200,174400,141900
2002-12,180900,171500,139500
2003-11,179800,170700,138800
2005-12,179200,170200,138400
