year,jrei_urban_land_index_all_japan_march_2000eq100,jrei_index_yoy_pct,koji_chika_residential_japan_yoy_pct,koji_chika_residential_tokyo_area_yoy_pct
1980,70.7,8.5,,
1981,76.9,8.7,,
1982,82.3,7.1,,
1983,86.2,4.7,,
1984,89.0,3.2,3,2.2
1985,91.5,2.8,2.2,1.7
1986,94.1,2.8,2.2,3
1987,99.2,5.4,7.6,21.5
1988,109.1,10.0,25,68.6
1989,117.4,7.6,7.9,0.4
1990,133.9,14.1,17,6.6
1991,147.8,10.4,10.7,6.6
1992,145.2,-1.8,-5.6,-9.1
1993,137.2,-5.5,-8.7,-15
1994,130.9,-4.6,-4.7,-7.8
1995,126.1,-3.7,-1.6,-2.9
1996,120.5,-4.4,-2.6,-5
1997,115.6,-4.1,-1.6,-3.4
1998,111.5,-3.5,-1.4,-3
1999,106.1,-4.8,-3.8,-6.4
2000,100.0,-5.8,-4.1,-6.8
2001,93.7,-6.3,-4.2,-5.8
2002,87.4,-6.7,-5.2,-5.9
2003,81.2,-7.1,-5.8,-5.6
2004,74.4,-8.4,-5.7,-4.7
2005,69.1,-7.1,-4.6,-3.2
