quarter,month,cpi_2015,rent_cpi_2015,unemployment_sa,call_rate,share_price_oecd_2015,res_property_bis_2010,usdjpy,gold_yen_per_g_retail,gold_incl_consumption_tax
1980Q1,1980-01,71.57037,64.5,1.9,,29.897520,87.8847,237.8886,5105,0
1980Q2,1980-04,73.91193,65.2,2.0,,29.713800,90.7693,250.2750,4175,0
1980Q3,1980-07,74.93001,66.6,2.0,,30.245620,93.6539,221.1364,4600,0
1980Q4,1980-10,76.1517,67.1,2.1,,31.851370,96.1539,209.3227,4595,0
1981Q1,1981-01,76.86434,67.8,2.1,,32.597190,98.6539,202.3667,3830,0
1981Q2,1981-04,77.57699,68.6,2.2,,35.198240,100.9966,214.9759,3570,0
1981Q3,1981-07,78.18784,69.6,2.2,,38.032640,103.3654,232.3261,3165,0
1981Q4,1981-10,79.30771,70.0,2.2,,35.134420,105.4808,231.5190,3240,0
1982Q1,1982-01,79.30771,70.6,2.2,,36.926470,107.5962,224.8050,2885,0
1982Q2,1982-04,79.91856,71.7,2.3,,34.485940,109.3174,244.1068,2675,0
1982Q3,1982-07,79.71494,72.5,2.4,,34.219700,111.0577,255.0310,2650,0
1982Q4,1982-10,81.75108,72.7,2.5,,34.901710,112.4520,271.6150,3480,0
1983Q1,1983-01,81.03843,73.3,2.7,,37.953350,113.8462,232.7310,3385,0
1983Q2,1983-04,81.54747,74.2,2.7,,39.856270,114.9459,237.7467,3250,0
1983Q3,1983-07,81.54747,75.2,2.6,,42.644260,116.0577,240.5160,3260,0
1983Q4,1983-10,82.97276,75.9,2.6,,44.234540,117.0193,232.8855,3055,0
1984Q1,1984-01,82.56554,76.2,2.7,,48.967340,117.9808,233.8000,2910,0
1984Q2,1984-04,83.38,76.8,2.7,,55.244020,118.7981,225.2000,2860,0
1984Q3,1984-07,83.58361,77.7,2.8,,49.929760,119.6154,243.0676,2895,0
1984Q4,1984-10,84.70348,78.1,2.7,,54.148160,120.4327,246.7545,2815,0
1985Q1,1985-01,84.70348,78.7,2.5,,59.769260,121.2500,254.1829,2515,0
1985Q2,1985-04,85.31433,79.3,2.5,,62.686810,121.8716,251.8455,2720,0
1985Q3,1985-07,85.61975,80.1,2.6,6.41670,67.043160,122.5000,241.1364,2585,0
1985Q4,1985-10,86.3324,80.5,2.7,6.66000,66.289600,123.1731,214.6805,2315,0
1986Q1,1986-01,86.02698,80.9,2.7,7.04550,66.698290,123.8462,199.8905,2195,0
1986Q2,1986-04,86.12878,81.2,2.8,4.96610,79.535270,124.7068,175.0918,1975,0
1986Q3,1986-07,85.72156,82.1,2.9,4.62980,89.908520,125.5770,158.6059,1865,0
1986Q4,1986-10,86.02698,82.4,2.7,4.53650,91.165520,127.5001,156.4723,2175,0
1987Q1,1987-01,85.11072,82.8,3.0,4.33040,106.297400,129.4231,154.8295,2115,0
1987Q2,1987-04,86.23059,83.7,2.9,3.71470,132.210500,133.3915,142.8986,2025,0
1987Q3,1987-07,85.82336,85.0,2.8,3.29500,128.677300,137.4039,150.2939,2180,0
1987Q4,1987-10,86.63783,85.3,2.7,3.50000,130.450700,138.7981,143.3200,2210,0
1988Q1,1988-01,85.82336,85.6,2.7,3.69940,117.859900,140.1924,127.6853,1955,0
1988Q2,1988-04,86.4342,86.3,2.5,3.49460,139.608100,141.6347,124.8976,1870,0
1988Q3,1988-07,86.23059,86.7,2.5,3.86460,140.384300,143.0770,133.0215,1925,0
1988Q4,1988-10,87.55408,87.4,2.4,4.17120,136.872400,145.4328,128.6805,1730,0
1989Q1,1989-01,86.84144,87.8,2.3,4.09375,157.125700,147.7885,127.3625,1678,0
1989Q2,1989-04,88.47035,88.8,2.4,4.42031,158.802400,151.2787,132.0365,1718,3
1989Q3,1989-07,88.77577,89.6,2.2,5.22470,162.877000,154.8078,140.4240,1817,3
1989Q4,1989-10,90.09926,90.0,2.2,6.00893,172.003600,160.7693,142.2067,1722,3
1990Q1,1990-01,89.69203,90.5,2.2,6.58059,177.845100,166.7308,144.9819,1944,3
1990Q2,1990-04,90.91372,91.0,2.1,7.16250,139.461800,172.5160,158.4586,1998,3
1990Q3,1990-07,90.81191,91.8,2.1,7.52415,150.828400,178.3655,149.0395,1842,3
1990Q4,1990-10,92.84805,92.2,2.2,7.81108,113.316600,180.5770,129.5909,1861,3
1991Q1,1991-01,93.25528,92.8,2.0,8.05428,109.797600,182.7885,133.6986,1749,3
1991Q2,1991-04,93.96793,93.2,2.1,8.23363,128.348600,182.5495,137.1127,1697,3
1991Q3,1991-07,93.96793,94.2,2.1,7.46060,116.702200,182.3078,137.8300,1721,3
1991Q4,1991-10,95.39323,94.6,2.0,6.85795,120.548600,180.2885,130.7723,1600,3
1992Q1,1992-01,94.88419,94.9,2.1,5.52632,104.977200,178.2693,125.4614,1487,3
1992Q2,1992-04,96.30949,95.9,2.1,4.76637,83.734330,176.0578,133.5395,1553,3
1992Q3,1992-07,95.49503,97.0,2.1,4.53125,80.618880,173.8462,125.8817,1472,3
1992Q4,1992-10,96.30949,97.4,2.2,4.07386,83.821360,171.6347,121.1652,1433,3
1993Q1,1993-01,96.10588,97.9,2.3,3.89967,82.363220,169.4231,124.9932,1422,3
1993Q2,1993-04,97.12395,98.4,2.3,3.17857,100.341700,167.9888,112.4114,1331,3
1993Q3,1993-07,97.32757,99.3,2.5,3.26278,104.493100,166.5385,107.6914,1390,3
1993Q4,1993-10,97.63299,99.6,2.7,2.50781,105.996300,165.4808,107.0200,1294,3
1994Q1,1994-01,97.22575,100.1,2.8,2.33125,97.831550,164.4231,111.4415,1520,3
1994Q2,1994-04,97.93841,100.6,2.8,2.17500,103.667300,163.7538,103.4843,1385,3
1994Q3,1994-07,97.12395,101.3,2.9,2.08185,106.555800,163.0770,98.4450,1310,3
1994Q4,1994-10,98.34563,101.7,3.0,2.23750,101.927500,162.5001,98.3530,1339,3
1995Q1,1995-01,97.8366,102.4,3.0,2.25000,95.655310,161.9231,99.7660,1320,3
1995Q2,1995-04,97.73479,102.7,3.1,1.52500,84.031500,161.3016,83.6895,1164,3
1995Q3,1995-07,97.32757,103.1,3.1,0.94667,83.679540,160.6731,87.3970,1128,3
1995Q4,1995-10,97.73479,103.5,3.2,0.46667,92.312950,159.8558,100.8390,1320,3
1996Q1,1996-01,97.32757,103.7,3.5,0.46632,103.109700,159.0385,105.7514,1417,3
1996Q2,1996-04,97.93841,104.0,3.4,0.48571,108.110000,158.3174,107.1995,1410,3
1996Q3,1996-07,97.73479,104.2,3.4,0.48217,105.708200,157.5962,109.1909,1434,3
1996Q4,1996-10,98.24383,104.6,3.4,0.47500,102.241400,157.1154,112.4123,1446,3
1997Q1,1997-01,97.93841,104.8,3.3,0.48421,88.943510,156.6347,117.9124,1451,3
1997Q2,1997-04,99.77094,105.0,3.2,0.49619,88.720470,156.2044,125.6377,1520,5
1997Q3,1997-07,99.56732,105.3,3.4,0.49273,98.486480,155.7693,115.3759,1342,5
1997Q4,1997-10,100.6872,105.3,3.5,0.48000,86.584850,155.1924,121.0605,1412,5
1998Q1,1998-01,99.66913,105.4,3.6,0.43526,78.110660,154.6154,129.5475,1335,5
1998Q2,1998-04,100.1782,104.9,4.0,0.44333,78.773330,153.8505,131.7536,1404,5
1998Q3,1998-07,99.46552,104.9,4.1,0.41318,81.257700,153.0770,140.7874,1438,5
1998Q4,1998-10,100.8908,104.7,4.3,0.23545,65.988560,151.7789,121.0486,1413,5
1999Q1,1999-01,99.87274,104.6,4.5,0.22526,69.695780,150.4808,113.2900,1159,5
1999Q2,1999-04,100.0764,104.7,4.7,0.03143,85.708810,149.2377,119.7723,1176,5
1999Q3,1999-07,99.36371,104.9,4.8,0.03000,94.992640,147.9808,119.3305,1121,5
1999Q4,1999-10,100.1782,104.8,4.6,0.02450,97.902460,146.5385,105.9650,1126,5
2000Q1,2000-01,99.1601,104.6,4.7,0.02053,106.889100,145.0962,105.2960,1036,5
2000Q2,2000-04,99.2619,104.4,4.8,0.02000,107.128900,143.6539,105.6270,1038,5
2000Q3,2000-07,98.85467,104.6,4.7,0.02100,100.067700,142.2116,108.2115,1083,5
2000Q4,2000-10,99.05828,104.7,4.7,0.24762,93.216060,140.6731,108.4429,1050,5
2001Q1,2001-01,98.85467,104.6,4.8,0.24895,82.838950,139.1347,116.6719,1081,5
2001Q2,2001-04,98.54925,104.4,4.8,0.02000,84.710930,137.5091,123.7710,1141,5
2001Q3,2001-07,98.14202,104.3,5.0,0.01286,78.873250,135.8654,124.4981,1177,5
2001Q4,2001-10,98.34563,104.3,5.3,0.00314,69.136890,134.0385,121.4536,1232,5
2002Q1,2002-01,97.53118,104.2,5.2,0.00111,64.679340,132.2116,132.6833,1289,5
2002Q2,2002-04,97.53118,104.2,5.3,0.00148,69.841460,130.3948,130.7718,1407,5
2002Q3,2002-07,97.32757,104.1,5.4,0.00178,64.666440,128.5577,117.8991,1320,5
2002Q4,2002-10,97.42937,104.0,5.4,0.00191,56.117480,126.4904,123.9077,1381,5
2003Q1,2003-01,97.12395,103.9,5.4,0.00200,54.587800,124.4231,118.8133,1480,5
2003Q2,2003-04,97.42937,103.8,5.5,0.00100,50.970830,122.3672,119.8950,1405,5
2003Q3,2003-07,97.12395,103.8,5.2,0.00200,61.157130,120.2885,118.6959,1451,5
2003Q4,2003-10,97.42937,103.8,5.1,0.00100,68.548350,118.3654,109.4955,1497,5
2004Q1,2004-01,96.81853,103.6,4.9,0.00000,68.328540,116.4424,106.2685,1559,5
2004Q2,2004-04,97.02214,103.5,4.8,0.00000,77.435740,114.7116,107.6564,1550,5
2004Q3,2004-07,97.02214,103.4,4.9,0.00000,73.918690,112.9808,109.4871,1495,5
2004Q4,2004-10,97.93841,103.3,4.6,0.00100,71.552280,111.5866,108.7835,1601,5
2005Q1,2005-01,97.02214,103.2,4.5,0.00100,73.772360,110.1924,103.3410,1544,5
2005Q2,2005-04,97.12395,103.2,4.5,0.00100,74.574260,108.9493,107.1938,1601,5
2005Q3,2005-07,96.71672,103.1,4.4,0.00100,76.684110,107.6924,111.9535,1662,5
2005Q4,2005-10,97.12395,103.0,4.4,0.00100,90.183120,106.8270,114.8695,1841,5
