year,bank_ordinary,bank_time_1y,postal_ordinary,postal_teigaku_3y_plus,ghlc_base_mortgage,city_bank_mortgage
1979,2.0,,3.36,6.25,,8.22
1980,2.75,,4.08,7.25,,8.52
1981,2.25,,3.6,6.5,5.5,8.34
1982,1.75,,3.12,6.0,5.5,8.46
1983,1.75,,3.12,6.0,5.5,8.1
1984,1.5,,2.88,5.75,5.5,7.74
1985,1.5,,2.88,5.75,5.5,7.68
1986,0.26,,1.68,4.01,5.25,5.5
1987,0.26,,1.68,3.64,4.6,5.7
1988,0.26,,1.68,3.64,4.55,5.7
1989,0.5,,1.92,4.57,4.55,6.0
1990,2.08,,3.48,6.33,5.5,8.5
1991,1.5,6.39,2.88,5.55,5.2,6.9
1992,0.38,4.34,1.8,4.07,4.45,5.7
1993,0.22,,1.32,2.05,3.75,3.8
1994,0.25,2.17,,3.15,4.35,4.0
1995,0.1,1.22,,1.15,3.1,2.63
1996,0.1,0.63,,0.8,3.1,2.63
1997,0.1,0.5,,0.45,3.0,2.63
1998,0.1,0.48,,0.25,2.2,2.5
1999,0.05,0.27,,0.2,2.8,2.38
2000,0.1,0.24,,0.2,2.8,2.5
2001,0.02,0.11,,0.07,2.6,2.38
2002,0,0.05,,0.07,2.4,2.38
2003,0,0.04,,0.06,2.6,2.38
2004,0,0.04,0.01,0.06,2.85,2.38
