effective_date,rate_pct
1979-04-20,4.5
1979-07-27,5.5
1979-11-07,6.5
1980-02-22,7.5
1980-03-24,9.25
1980-08-23,8.5
1980-11-10,7.5
1981-03-23,6.75
1981-12-21,6.0
1983-11-11,5.5
1986-02-24,5.0
1986-03-31,4.5
1986-05-19,4.125
1986-11-25,3.75
1987-03-16,3.375
1989-01-26,4.25
1989-06-19,4.875
1989-11-06,5.75
1990-01-19,6.25
1990-03-29,7.125
1990-08-10,7.375
1990-09-13,8.0
1990-12-12,8.25
1991-04-10,7.875
1991-07-18,7.625
1991-09-13,7.375
1991-10-04,7.0
1991-11-22,6.625
1992-01-10,5.875
1992-04-10,5.25
1992-08-04,4.75
1992-12-14,4.5
1993-02-15,4.0
1993-08-31,3.75
1993-09-30,3.375
1993-12-09,3.0
1995-04-12,2.75
1995-04-25,2.375
1995-07-14,2.0
1995-09-14,1.625
1998-09-16,1.5
1999-03-18,1.375
2000-08-24,1.5
2001-03-28,1.375
