year,univ_male_k_yen,univ_female_k_yen,high_school_male_k_yen,high_school_female_k_yen
1989,160.9,155.6,125.6,118.3
1990,169.9,162.9,133.0,126.0
1991,179.4,172.3,140.8,133.2
1992,186.9,180.1,146.6,139.5
1993,190.3,181.9,150.6,142.4
1994,192.4,184.5,153.8,145.5
1995,194.2,184.0,154.0,144.7
1996,193.2,183.6,154.5,146.1
1997,193.9,186.2,156.0,147.3
1998,195.5,186.3,156.5,147.9
1999,196.6,188.7,157.6,148.3
2000,196.9,187.4,157.1,147.6
2001,198.3,188.6,158.1,148.7
2002,198.5,188.8,157.5,148.8
2003,201.3,192.5,157.5,147.0
2004,198.3,189.5,156.1,147.2
2005,196.7,189.3,155.7,148.0
